<?xml version="1.0" encoding="UTF-8"?><!--
        *** GENERATED FROM jax-ws.xml - DO NOT EDIT !                             ***
        *** TO MODIFY wsimport options USE Web Service node -> Edit WS Attributes ***
        *** TO CHANGE TARGETS GENERATED TO jaxws-build.xml COPY THOSE             ***
        *** TARGETS TO ../build.xml AND MODIFY THAT FILE INSTEAD                  ***

        --><project xmlns:xalan="http://xml.apache.org/xslt" xmlns:j2seproject3="http://www.netbeans.org/ns/j2se-project/3" xmlns:jaxws="http://www.netbeans.org/ns/jax-ws/1">
    <!--
                ===================
                JAX-WS WSIMPORT SECTION
                ===================
            -->
    <target name="wsimport-init" depends="init">
        <mkdir dir="${build.generated.sources.dir}/jax-ws"/>
        <taskdef name="wsimport" classname="com.sun.tools.ws.ant.WsImport">
            <classpath path="${libs.jaxws21.classpath}"/>
        </taskdef>
    </target>
    <target name="wsimport-client-RiverServerService" depends="wsimport-init">
        <mkdir dir="${build.generated.dir}/jax-wsCache/RiverServerService"/>
        <property name="wsdl-RiverServerService" location="xml-resources/web-service-references/RiverServerService/wsdl/localhost_8080/RiverA1/RiverServerService.wsdl"/>
        <wsimport sourcedestdir="${build.generated.dir}/jax-wsCache/RiverServerService" destdir="${build.generated.dir}/jax-wsCache/RiverServerService" wsdl="${wsdl-RiverServerService}" catalog="catalog.xml" encoding="${source.encoding}" extension="true" verbose="true" fork="false" wsdlLocation="http://localhost:8080/RiverA1/RiverServerService?wsdl" xnocompile="true" xendorsed="true">
            <depends file="${wsdl-RiverServerService}"/>
            <produces dir="${build.generated.dir}/jax-wsCache/RiverServerService"/>
        </wsimport>
        <copy todir="${build.generated.sources.dir}/jax-ws">
            <fileset dir="${build.generated.dir}/jax-wsCache/RiverServerService">
                <include name="**/*.java"/>
            </fileset>
        </copy>
    </target>
    <target name="wsimport-client-clean-RiverServerService" depends="-init-project">
        <delete dir="${build.generated.dir}/jax-wsCache/RiverServerService"/>
        <delete dir="${build.generated.sources.dir}/jax-ws/river"/>
    </target>
    <target name="wsimport-client-RiverServerService_1" depends="wsimport-init">
        <mkdir dir="${build.generated.dir}/jax-wsCache/RiverServerService_1"/>
        <property name="wsdl-RiverServerService_1" location="xml-resources/web-service-references/RiverServerService_1/wsdl/localhost_8080/RiverA1/RiverServerService.wsdl"/>
        <wsimport sourcedestdir="${build.generated.dir}/jax-wsCache/RiverServerService_1" destdir="${build.generated.dir}/jax-wsCache/RiverServerService_1" wsdl="${wsdl-RiverServerService_1}" catalog="catalog.xml" encoding="${source.encoding}" extension="true" verbose="true" fork="false" wsdlLocation="http://localhost:8080/RiverA1/RiverServerService?wsdl" xnocompile="true" xendorsed="true">
            <depends file="${wsdl-RiverServerService_1}"/>
            <produces dir="${build.generated.dir}/jax-wsCache/RiverServerService_1"/>
        </wsimport>
        <copy todir="${build.generated.sources.dir}/jax-ws">
            <fileset dir="${build.generated.dir}/jax-wsCache/RiverServerService_1">
                <include name="**/*.java"/>
            </fileset>
        </copy>
    </target>
    <target name="wsimport-client-clean-RiverServerService_1" depends="-init-project">
        <delete dir="${build.generated.dir}/jax-wsCache/RiverServerService_1"/>
        <delete dir="${build.generated.sources.dir}/jax-ws/river"/>
    </target>
    <target name="wsimport-client-RiverServerService_2" depends="wsimport-init">
        <mkdir dir="${build.generated.dir}/jax-wsCache/RiverServerService_2"/>
        <property name="wsdl-RiverServerService_2" location="xml-resources/web-service-references/RiverServerService_2/wsdl/localhost_8080/RiverA1/RiverServerService.wsdl"/>
        <wsimport sourcedestdir="${build.generated.dir}/jax-wsCache/RiverServerService_2" destdir="${build.generated.dir}/jax-wsCache/RiverServerService_2" wsdl="${wsdl-RiverServerService_2}" catalog="catalog.xml" encoding="${source.encoding}" extension="true" verbose="true" fork="false" wsdlLocation="http://localhost:8080/RiverA1/RiverServerService?wsdl" xnocompile="true" xendorsed="true">
            <depends file="${wsdl-RiverServerService_2}"/>
            <produces dir="${build.generated.dir}/jax-wsCache/RiverServerService_2"/>
        </wsimport>
        <copy todir="${build.generated.sources.dir}/jax-ws">
            <fileset dir="${build.generated.dir}/jax-wsCache/RiverServerService_2">
                <include name="**/*.java"/>
            </fileset>
        </copy>
    </target>
    <target name="wsimport-client-clean-RiverServerService_2" depends="-init-project">
        <delete dir="${build.generated.dir}/jax-wsCache/RiverServerService_2"/>
        <delete dir="${build.generated.sources.dir}/jax-ws/river"/>
    </target>
    <target name="wsimport-client-RiverServerService_3" depends="wsimport-init">
        <mkdir dir="${build.generated.dir}/jax-wsCache/RiverServerService_3"/>
        <property name="wsdl-RiverServerService_3" location="xml-resources/web-service-references/RiverServerService_3/wsdl/localhost_8080/RiverA1/RiverServerService.wsdl"/>
        <wsimport sourcedestdir="${build.generated.dir}/jax-wsCache/RiverServerService_3" destdir="${build.generated.dir}/jax-wsCache/RiverServerService_3" wsdl="${wsdl-RiverServerService_3}" catalog="catalog.xml" encoding="${source.encoding}" extension="true" verbose="true" fork="false" wsdlLocation="http://localhost:8080/RiverA1/RiverServerService?wsdl" xnocompile="true" xendorsed="true">
            <depends file="${wsdl-RiverServerService_3}"/>
            <produces dir="${build.generated.dir}/jax-wsCache/RiverServerService_3"/>
        </wsimport>
        <copy todir="${build.generated.sources.dir}/jax-ws">
            <fileset dir="${build.generated.dir}/jax-wsCache/RiverServerService_3">
                <include name="**/*.java"/>
            </fileset>
        </copy>
    </target>
    <target name="wsimport-client-clean-RiverServerService_3" depends="-init-project">
        <delete dir="${build.generated.dir}/jax-wsCache/RiverServerService_3"/>
        <delete dir="${build.generated.sources.dir}/jax-ws/river"/>
    </target>
    <target name="wsimport-client-RiverServerService_4" depends="wsimport-init">
        <mkdir dir="${build.generated.dir}/jax-wsCache/RiverServerService_4"/>
        <property name="wsdl-RiverServerService_4" location="xml-resources/web-service-references/RiverServerService_4/wsdl/localhost_8080/RiverA1/RiverServerService.wsdl"/>
        <wsimport sourcedestdir="${build.generated.dir}/jax-wsCache/RiverServerService_4" destdir="${build.generated.dir}/jax-wsCache/RiverServerService_4" wsdl="${wsdl-RiverServerService_4}" catalog="catalog.xml" encoding="${source.encoding}" extension="true" verbose="true" fork="false" wsdlLocation="http://localhost:8080/RiverA1/RiverServerService?wsdl" xnocompile="true" xendorsed="true">
            <depends file="${wsdl-RiverServerService_4}"/>
            <produces dir="${build.generated.dir}/jax-wsCache/RiverServerService_4"/>
        </wsimport>
        <copy todir="${build.generated.sources.dir}/jax-ws">
            <fileset dir="${build.generated.dir}/jax-wsCache/RiverServerService_4">
                <include name="**/*.java"/>
            </fileset>
        </copy>
    </target>
    <target name="wsimport-client-clean-RiverServerService_4" depends="-init-project">
        <delete dir="${build.generated.dir}/jax-wsCache/RiverServerService_4"/>
        <delete dir="${build.generated.sources.dir}/jax-ws/river"/>
    </target>
    <target name="wsimport-client-RiverServerService_5" depends="wsimport-init">
        <mkdir dir="${build.generated.dir}/jax-wsCache/RiverServerService_5"/>
        <property name="wsdl-RiverServerService_5" location="xml-resources/web-service-references/RiverServerService_5/wsdl/localhost_8080/RiverA1/RiverServerService.wsdl"/>
        <wsimport sourcedestdir="${build.generated.dir}/jax-wsCache/RiverServerService_5" destdir="${build.generated.dir}/jax-wsCache/RiverServerService_5" wsdl="${wsdl-RiverServerService_5}" catalog="catalog.xml" encoding="${source.encoding}" extension="true" verbose="true" fork="false" wsdlLocation="http://localhost:8080/RiverA1/RiverServerService?wsdl" xnocompile="true" xendorsed="true">
            <depends file="${wsdl-RiverServerService_5}"/>
            <produces dir="${build.generated.dir}/jax-wsCache/RiverServerService_5"/>
        </wsimport>
        <copy todir="${build.generated.sources.dir}/jax-ws">
            <fileset dir="${build.generated.dir}/jax-wsCache/RiverServerService_5">
                <include name="**/*.java"/>
            </fileset>
        </copy>
    </target>
    <target name="wsimport-client-clean-RiverServerService_5" depends="-init-project">
        <delete dir="${build.generated.dir}/jax-wsCache/RiverServerService_5"/>
        <delete dir="${build.generated.sources.dir}/jax-ws/river"/>
    </target>
    <target name="wsimport-client-RiverServerService_6" depends="wsimport-init">
        <mkdir dir="${build.generated.dir}/jax-wsCache/RiverServerService_6"/>
        <property name="wsdl-RiverServerService_6" location="xml-resources/web-service-references/RiverServerService_6/wsdl/localhost_8080/RiverA1/RiverServerService.wsdl"/>
        <wsimport sourcedestdir="${build.generated.dir}/jax-wsCache/RiverServerService_6" destdir="${build.generated.dir}/jax-wsCache/RiverServerService_6" wsdl="${wsdl-RiverServerService_6}" catalog="catalog.xml" encoding="${source.encoding}" extension="true" verbose="true" fork="false" wsdlLocation="http://localhost:8080/RiverA1/RiverServerService?wsdl" xnocompile="true" xendorsed="true">
            <depends file="${wsdl-RiverServerService_6}"/>
            <produces dir="${build.generated.dir}/jax-wsCache/RiverServerService_6"/>
        </wsimport>
        <copy todir="${build.generated.sources.dir}/jax-ws">
            <fileset dir="${build.generated.dir}/jax-wsCache/RiverServerService_6">
                <include name="**/*.java"/>
            </fileset>
        </copy>
    </target>
    <target name="wsimport-client-clean-RiverServerService_6" depends="-init-project">
        <delete dir="${build.generated.dir}/jax-wsCache/RiverServerService_6"/>
        <delete dir="${build.generated.sources.dir}/jax-ws/river"/>
    </target>
    <target name="wsimport-client-RiverServerService_7" depends="wsimport-init">
        <mkdir dir="${build.generated.dir}/jax-wsCache/RiverServerService_7"/>
        <property name="wsdl-RiverServerService_7" location="xml-resources/web-service-references/RiverServerService_7/wsdl/localhost_8080/RiverA1/RiverServerService.wsdl"/>
        <wsimport sourcedestdir="${build.generated.dir}/jax-wsCache/RiverServerService_7" destdir="${build.generated.dir}/jax-wsCache/RiverServerService_7" wsdl="${wsdl-RiverServerService_7}" catalog="catalog.xml" encoding="${source.encoding}" extension="true" verbose="true" fork="false" wsdlLocation="http://localhost:8080/RiverA1/RiverServerService?wsdl" xnocompile="true" xendorsed="true">
            <depends file="${wsdl-RiverServerService_7}"/>
            <produces dir="${build.generated.dir}/jax-wsCache/RiverServerService_7"/>
        </wsimport>
        <copy todir="${build.generated.sources.dir}/jax-ws">
            <fileset dir="${build.generated.dir}/jax-wsCache/RiverServerService_7">
                <include name="**/*.java"/>
            </fileset>
        </copy>
    </target>
    <target name="wsimport-client-clean-RiverServerService_7" depends="-init-project">
        <delete dir="${build.generated.dir}/jax-wsCache/RiverServerService_7"/>
        <delete dir="${build.generated.sources.dir}/jax-ws/river"/>
    </target>
    <target name="wsimport-client-generate" depends="wsimport-client-RiverServerService, wsimport-client-RiverServerService_1, wsimport-client-RiverServerService_2, wsimport-client-RiverServerService_3, wsimport-client-RiverServerService_4, wsimport-client-RiverServerService_5, wsimport-client-RiverServerService_6, wsimport-client-RiverServerService_7"/>
</project>
