<?xml version="1.0" encoding="UTF-8"?>
<project-private xmlns="http://www.netbeans.org/ns/project-private/1">
    <editor-bookmarks xmlns="http://www.netbeans.org/ns/editor-bookmarks/2" lastBookmarkId="1"/>
    <open-files xmlns="http://www.netbeans.org/ns/projectui-open-files/2">
        <group>
            <file>file:/C:/Users/Ben/Documents/University%202nd%20Year/Second%20Semester/CS-253/A1/RiverA1/src/java/river/River.java</file>
            <file>file:/C:/Users/Ben/Documents/University%202nd%20Year/Second%20Semester/CS-253/A1/RiverA1/src/java/river/RiverServer.java</file>
        </group>
    </open-files>
</project-private>
